{"cameraMode":{"drawMode":0,"name":"Shaded","section":"Shading Mode"},"sceneLighting":false,"audioPlay":false,"sceneViewState":{"showFog":true,"showMaterialUpdate":false,"showSkybox":false,"showFlares":true,"showImageEffects":true,"showParticleSystems":true},"in2DMode":false,"pivot":{"x":0.17989665269851685,"y":-0.2446288913488388,"z":-0.4403805434703827},"rotation":{"x":-0.30435910820961,"y":-0.20282407104969026,"z":0.06650779396295548,"w":-0.9283453226089478},"size":1.657883882522583,"orthographic":false}