{"cameraMode":{"drawMode":0,"name":"Shaded","section":"Shading Mode"},"sceneLighting":false,"audioPlay":false,"sceneViewState":{"showFog":true,"showMaterialUpdate":false,"showSkybox":false,"showFlares":true,"showImageEffects":true,"showParticleSystems":true},"in2DMode":false,"pivot":{"x":0.20122411847114564,"y":0.20975913107395173,"z":0.09138687700033188},"rotation":{"x":-0.11965835839509964,"y":-0.03515271097421646,"z":0.004208463244140148,"w":-0.9922648668289185},"size":2.457157611846924,"orthographic":false}