{"cameraMode":{"drawMode":0,"name":"Shaded","section":"Shading Mode"},"sceneLighting":false,"audioPlay":false,"sceneViewState":{"showFog":true,"showMaterialUpdate":false,"showSkybox":false,"showFlares":true,"showImageEffects":true,"showParticleSystems":true},"in2DMode":false,"pivot":{"x":2.4720458984375,"y":4.105731964111328,"z":8.844240188598633},"rotation":{"x":-0.10136924684047699,"y":0.09505494683980942,"z":-0.009739825502038002,"w":-0.9902709722518921},"size":38.0135383605957,"orthographic":false}