{"cameraMode":{"drawMode":0,"name":"Shaded","section":"Shading Mode"},"sceneLighting":false,"audioPlay":false,"sceneViewState":{"showFog":true,"showMaterialUpdate":false,"showSkybox":true,"showFlares":true,"showImageEffects":true,"showParticleSystems":true},"in2DMode":false,"pivot":{"x":-0.013794711790978909,"y":0.885456919670105,"z":-1.7552083730697632},"rotation":{"x":0.15094420313835145,"y":0.010437453165650368,"z":-0.001426100847311318,"w":0.988631546497345},"size":0.5710891485214233,"orthographic":false}