{"cameraMode":{"drawMode":0,"name":"Shaded","section":"Shading Mode"},"sceneLighting":false,"audioPlay":false,"sceneViewState":{"showFog":true,"showMaterialUpdate":false,"showSkybox":false,"showFlares":true,"showImageEffects":true,"showParticleSystems":true},"in2DMode":false,"pivot":{"x":0.43444833159446719,"y":0.4964320957660675,"z":-0.3141885995864868},"rotation":{"x":-0.07767819613218308,"y":-0.3331131935119629,"z":0.027548545971512796,"w":-0.9392966032028198},"size":2.2015621662139894,"orthographic":false}