{"cameraMode":{"drawMode":0,"name":"Shaded","section":"Shading Mode"},"sceneLighting":false,"audioPlay":false,"sceneViewState":{"showFog":true,"showMaterialUpdate":false,"showSkybox":true,"showFlares":true,"showImageEffects":true,"showParticleSystems":true},"in2DMode":false,"pivot":{"x":3.0126125812530519,"y":8.548164367675782,"z":-7.882232666015625},"rotation":{"x":0.39388930797576907,"y":-0.22511132061481477,"z":0.10029011219739914,"w":0.8856654167175293},"size":2.1452343463897707,"orthographic":false}