{"cameraMode":{"drawMode":0,"name":"Shaded","section":"Shading Mode"},"sceneLighting":false,"audioPlay":false,"sceneViewState":{"showFog":true,"showMaterialUpdate":false,"showSkybox":false,"showFlares":true,"showImageEffects":true,"showParticleSystems":true},"in2DMode":false,"pivot":{"x":12.496230125427246,"y":14.970856666564942,"z":24.203142166137697},"rotation":{"x":-0.2627447843551636,"y":0.42284080386161806,"z":-0.12955452501773835,"w":-0.8575477600097656},"size":3.6038498878479006,"orthographic":false}