{"cameraMode":{"drawMode":0,"name":"Shaded","section":"Shading Mode"},"sceneLighting":false,"audioPlay":false,"sceneViewState":{"showFog":true,"showMaterialUpdate":false,"showSkybox":false,"showFlares":true,"showImageEffects":true,"showParticleSystems":true},"in2DMode":false,"pivot":{"x":2.134544610977173,"y":-8.335859298706055,"z":3.7422478199005129},"rotation":{"x":-0.157756045460701,"y":-0.004431405570358038,"z":0.0007896323222666979,"w":-0.9875161051750183},"size":0.7367040514945984,"orthographic":false}