{"cameraMode":{"drawMode":0,"name":"Shaded","section":"Shading Mode"},"sceneLighting":false,"audioPlay":false,"sceneViewState":{"showFog":true,"showMaterialUpdate":false,"showSkybox":true,"showFlares":true,"showImageEffects":true,"showParticleSystems":true},"in2DMode":false,"pivot":{"x":2.1271886825561525,"y":2.0102007389068605,"z":7.841405868530273},"rotation":{"x":-0.20510658621788026,"y":-0.4753095507621765,"z":0.11492127925157547,"w":-0.8479122519493103},"size":13.615851402282715,"orthographic":false}