{"cameraMode":{"drawMode":0,"name":"Shaded","section":"Shading Mode"},"sceneLighting":false,"audioPlay":false,"sceneViewState":{"showFog":true,"showMaterialUpdate":false,"showSkybox":true,"showFlares":true,"showImageEffects":true,"showParticleSystems":true},"in2DMode":false,"pivot":{"x":2.0306553840637209,"y":6.736405849456787,"z":3.3208141326904299},"rotation":{"x":0.30263346433639529,"y":0.024379348382353784,"z":-0.007585418876260519,"w":0.9529125094413757},"size":6.839280128479004,"orthographic":false}