{"cameraMode":{"drawMode":0,"name":"Shaded","section":"Shading Mode"},"sceneLighting":false,"audioPlay":false,"sceneViewState":{"showFog":true,"showMaterialUpdate":false,"showSkybox":true,"showFlares":true,"showImageEffects":true,"showParticleSystems":true},"in2DMode":false,"pivot":{"x":0.08649416267871857,"y":-0.4298340976238251,"z":0.686076283454895},"rotation":{"x":0.22805583477020265,"y":0.3552320599555969,"z":-0.08959555625915528,"w":0.9022533297538757},"size":1.1431337594985963,"orthographic":false}