{"cameraMode":{"drawMode":0,"name":"Shaded","section":"Shading Mode"},"sceneLighting":false,"audioPlay":false,"sceneViewState":{"showFog":true,"showMaterialUpdate":false,"showSkybox":true,"showFlares":true,"showImageEffects":true,"showParticleSystems":true},"in2DMode":false,"pivot":{"x":-20.824020385742189,"y":45.039405822753909,"z":20.802690505981447},"rotation":{"x":-0.23485548794269563,"y":-0.43038511276245119,"z":0.11704659461975098,"w":-0.8636791110038757},"size":6.958361625671387,"orthographic":false}