{"cameraMode":{"drawMode":0,"name":"Shaded","section":"Shading Mode"},"sceneLighting":false,"audioPlay":false,"sceneViewState":{"showFog":true,"showMaterialUpdate":false,"showSkybox":false,"showFlares":true,"showImageEffects":true,"showParticleSystems":true},"in2DMode":false,"pivot":{"x":-0.20491254329681397,"y":2.39005184173584,"z":-1.608802318572998},"rotation":{"x":-0.5832991600036621,"y":-0.09040837734937668,"z":0.06554658710956574,"w":-0.8045480847358704},"size":5.683533668518066,"orthographic":false}