{"cameraMode":{"drawMode":0,"name":"Shaded","section":"Shading Mode"},"sceneLighting":false,"audioPlay":false,"sceneViewState":{"showFog":true,"showMaterialUpdate":false,"showSkybox":false,"showFlares":true,"showImageEffects":true,"showParticleSystems":true},"in2DMode":false,"pivot":{"x":-1.6981549263000489,"y":0.5019245147705078,"z":8.804265975952149},"rotation":{"x":-0.23853273689746858,"y":-0.6245435476303101,"z":0.20871546864509583,"w":-0.7138063907623291},"size":13.416237831115723,"orthographic":false}