{"cameraMode":{"drawMode":0,"name":"Shaded","section":"Shading Mode"},"sceneLighting":false,"audioPlay":false,"sceneViewState":{"showFog":true,"showMaterialUpdate":false,"showSkybox":false,"showFlares":true,"showImageEffects":true,"showParticleSystems":true},"in2DMode":false,"pivot":{"x":0.2273271679878235,"y":0.5774191617965698,"z":0.16573849320411683},"rotation":{"x":-0.10136924684047699,"y":0.09505494683980942,"z":-0.009739825502038002,"w":-0.9902709722518921},"size":3.3000569343566896,"orthographic":false}