{"cameraMode":{"drawMode":0,"name":"Shaded","section":"Shading Mode"},"sceneLighting":false,"audioPlay":false,"sceneViewState":{"showFog":true,"showMaterialUpdate":false,"showSkybox":false,"showFlares":true,"showImageEffects":true,"showParticleSystems":true},"in2DMode":false,"pivot":{"x":-45.07688522338867,"y":-76.025390625,"z":157.294189453125},"rotation":{"x":0.2673874497413635,"y":-0.18257087469100953,"z":0.05136288329958916,"w":0.9449248909950256},"size":158.61056518554688,"orthographic":false}