{"cameraMode":{"drawMode":0,"name":"Shaded","section":"Shading Mode"},"sceneLighting":false,"audioPlay":false,"sceneViewState":{"showFog":true,"showMaterialUpdate":false,"showSkybox":false,"showFlares":true,"showImageEffects":true,"showParticleSystems":true},"in2DMode":false,"pivot":{"x":4.973835468292236,"y":8.045636177062989,"z":-1.8480501174926758},"rotation":{"x":0.0587288960814476,"y":0.04073621332645416,"z":-0.0024191790726035835,"w":0.9974730014801025},"size":6.520473957061768,"orthographic":false}