{"cameraMode":{"drawMode":0,"name":"Shaded","section":"Shading Mode"},"sceneLighting":false,"audioPlay":false,"sceneViewState":{"showFog":true,"showMaterialUpdate":false,"showSkybox":false,"showFlares":true,"showImageEffects":true,"showParticleSystems":true},"in2DMode":false,"pivot":{"x":0.9845478534698486,"y":0.7374792695045471,"z":-0.24363332986831666},"rotation":{"x":-0.2834859788417816,"y":-0.1897021234035492,"z":0.057380422949790958,"w":-0.9383286833763123},"size":4.657884120941162,"orthographic":false}