{"cameraMode":{"drawMode":0,"name":"Shaded","section":"Shading Mode"},"sceneLighting":false,"audioPlay":false,"sceneViewState":{"showFog":true,"showMaterialUpdate":false,"showSkybox":false,"showFlares":true,"showImageEffects":true,"showParticleSystems":true},"in2DMode":false,"pivot":{"x":20.377845764160158,"y":-19.598085403442384,"z":98.40225982666016},"rotation":{"x":-0.14196646213531495,"y":-0.11405371874570847,"z":0.016558732837438585,"w":-0.98319411277771},"size":84.53112030029297,"orthographic":false}