{"cameraMode":{"drawMode":0,"name":"Shaded","section":"Shading Mode"},"sceneLighting":false,"audioPlay":false,"sceneViewState":{"showFog":true,"showMaterialUpdate":false,"showSkybox":false,"showFlares":true,"showImageEffects":true,"showParticleSystems":true},"in2DMode":false,"pivot":{"x":5.058701038360596,"y":-59.51951599121094,"z":56.168975830078128},"rotation":{"x":-0.4326026737689972,"y":-0.0432116724550724,"z":0.02086052857339382,"w":-0.9003598690032959},"size":88.361572265625,"orthographic":false}